company_name;ticker;ticker_company
ALLIAR;AALR3;AALR3-ALLIAR
APPLE;AAPL34;AAPL34-APPLE
ABC BRASIL;ABCB4;ABCB4-ABC BRASIL
AMBEV S-A;ABEV3;ABEV3-AMBEV S-A
ADVANCED-DH;ADHM3;ADHM3-ADVANCED-DH
AFLUENTE T;AFLT3;AFLT3-AFLUENTE T
BRASILAGRO;AGRO3;AGRO3-BRASILAGRO
ALPARGATAS;ALPA3;ALPA3-ALPARGATAS
ALPARGATAS;ALPA4;ALPA4-ALPARGATAS
ALIANSCSONAE;ALSO3;ALSO3-ALIANSCSONAE
ALUPAR;ALUP3;ALUP3-ALUPAR
ALUPAR;ALUP4;ALUP4-ALUPAR
ALUPAR;ALUP11;ALUP11-ALUPAR
LOJAS MARISA;AMAR3;AMAR3-LOJAS MARISA
AMAZON;AMZO34;AMZO34-AMAZON
ANIMA;ANIM3;ANIM3-ANIMA
ALPER S.A.;APER3;APER3-ALPER S.A.
AREZZO CO;ARZZ3;ARZZ3-AREZZO CO
ATOMPAR;ATOM3;ATOM3-ATOMPAR
ATT INC;ATTB34;ATTB34-ATT INC
AZUL;AZUL4;AZUL4-AZUL
B3;B3SA3;B3SA3-B3
ALIBABAGR;BABA34;BABA34-ALIBABAGR
BAHEMA;BAHI3;BAHI3-BAHEMA
EXCELSIOR;BAUH4;BAUH4-EXCELSIOR
AMAZONIA;BAZA3;BAZA3-AMAZONIA
BRASIL;BBAS3;BBAS3-BRASIL
BRADESCO;BBDC3;BBDC3-BRADESCO
BRADESCO;BBDC4;BBDC4-BRADESCO
BR BROKERS;BBRK3;BBRK3-BR BROKERS
BBSEGURIDADE;BBSE3;BBSE3-BBSEGURIDADE
SANTANDER;BCSA34;BCSA34-SANTANDER
MINERVA;BEEF3;BEEF3-MINERVA
BANESTES;BEES3;BEES3-BANESTES
BANESTES;BEES4;BEES4-BANESTES
BERKSHIRE;BERK34;BERK34-BERKSHIRE
BANESE;BGIP4;BGIP4-BANESE
BANCO INTER;BIDI3;BIDI3-BANCO INTER
BANCO INTER;BIDI4;BIDI4-BANCO INTER
BANCO INTER;BIDI11;BIDI11-BANCO INTER
BIOMM;BIOM3;BIOM3-BIOMM
BK BRASIL;BKBR3;BKBR3-BK BRASIL
MERC BRASIL;BMEB3;BMEB3-MERC BRASIL
MERC BRASIL;BMEB4;BMEB4-MERC BRASIL
BANCO BMG;BMGB4;BMGB4-BANCO BMG
BIC MONARK;BMKS3;BMKS3-BIC MONARK
NORD BRASIL;BNBR3;BNBR3-NORD BRASIL
BANK AMERICA;BOAC34;BOAC34-BANK AMERICA
BOMBRIL;BOBR4;BOBR4-BOMBRIL
BTGP BANCO;BPAC3;BPAC3-BTGP BANCO
BTGP BANCO;BPAC5;BPAC5-BTGP BANCO
BTGP BANCO;BPAC11;BPAC11-BTGP BANCO
BANCO PAN;BPAN4;BPAN4-BANCO PAN
BRADESPAR;BRAP3;BRAP3-BRADESPAR
BRADESPAR;BRAP4;BRAP4-BRADESPAR
PETROBRAS BR;BRDT3;BRDT3-PETROBRAS BR
BRF SA;BRFS3;BRFS3-BRF SA
ALFA CONSORC;BRGE3;BRGE3-ALFA CONSORC
ALFA CONSORC;BRGE5;BRGE5-ALFA CONSORC
ALFA CONSORC;BRGE8;BRGE8-ALFA CONSORC
ALFA CONSORC;BRGE11;BRGE11-ALFA CONSORC
ALFA CONSORC;BRGE12;BRGE12-ALFA CONSORC
ALFA INVEST;BRIV3;BRIV3-ALFA INVEST
ALFA INVEST;BRIV4;BRIV4-ALFA INVEST
BRASKEM;BRKM3;BRKM3-BRASKEM
BRASKEM;BRKM5;BRKM5-BRASKEM
BR MALLS PAR;BRML3;BRML3-BR MALLS PAR
BR PROPERT;BRPR3;BRPR3-BR PROPERT
BANRISUL;BRSR3;BRSR3-BANRISUL
BANRISUL;BRSR6;BRSR6-BANRISUL
BIOSEV;BSEV3;BSEV3-BIOSEV
B2W DIGITAL;BTOW3;BTOW3-B2W DIGITAL
BATTISTELLA;BTTL3;BTTL3-BATTISTELLA
CAMBUCI;CAMB3;CAMB3-CAMBUCI
CAMIL;CAML3;CAML3-CAMIL
CSU CARDSYST;CARD3;CARD3-CSU CARDSYST
AMPLA ENERG;CBEE3;CBEE3-AMPLA ENERG
CYRE COM-CCP;CCPR3;CCPR3-CYRE COM-CCP
CCR SA;CCRO3;CCRO3-CCR SA
CEA MODAS;CEAB3;CEAB3-CEA MODAS
CEB;CEBR3;CEBR3-CEB
CEB;CEBR5;CEBR5-CEB
CEB;CEBR6;CEBR6-CEB
CEDRO;CEDO4;CEDO4-CEDRO
COELBA;CEEB3;CEEB3-COELBA
CEG;CEGR3;CEGR3-CEG
CESP;CESP3;CESP3-CESP
CESP;CESP6;CESP6-CESP
COMGAS;CGAS3;CGAS3-COMGAS
COMGAS;CGAS5;CGAS5-COMGAS
GRAZZIOTIN;CGRA3;CGRA3-GRAZZIOTIN
GRAZZIOTIN;CGRA4;CGRA4-GRAZZIOTIN
CHESAPEAKE;CHKE34;CHKE34-CHESAPEAKE
CHEVRON;CHVX34;CHVX34-CHEVRON
CIELO;CIEL3;CIEL3-CIELO
CELESC;CLSC4;CLSC4-CELESC
COMCAST;CMCS34;CMCS34-COMCAST
CEMIG;CMIG3;CMIG3-CEMIG
CEMIG;CMIG4;CMIG4-CEMIG
CENTAURO;CNTO3;CNTO3-CENTAURO
COELCE;COCE5;COCE5-COELCE
COGNA ON;COGN3;COGN3-COGNA ON
COPHILLIPS;COPH34;COPH34-COPHILLIPS
COSTCO;COWC34;COWC34-COSTCO
CPFL ENERGIA;CPFE3;CPFE3-CPFL ENERGIA
COPEL;CPLE3;CPLE3-COPEL
COPEL;CPLE6;CPLE6-COPEL
CPFL RENOVAV;CPRE3;CPRE3-CPFL RENOVAV
CR2;CRDE3;CRDE3-CR2
CARREFOUR BR;CRFB3;CRFB3-CARREFOUR BR
ALFA FINANC;CRIV3;CRIV3-ALFA FINANC
ALFA FINANC;CRIV4;CRIV4-ALFA FINANC
CRISTAL;CRPG5;CRPG5-CRISTAL
CRISTAL;CRPG6;CRPG6-CRISTAL
SEG AL BAHIA;CSAB4;CSAB4-SEG AL BAHIA
COSAN;CSAN3;CSAN3-COSAN
COPASA;CSMG3;CSMG3-COPASA
SID NACIONAL;CSNA3;CSNA3-SID NACIONAL
CITIGROUP;CTGP34;CTGP34-CITIGROUP
COTEMINAS;CTNM3;CTNM3-COTEMINAS
COTEMINAS;CTNM4;CTNM4-COTEMINAS
SANTANENSE;CTSA3;CTSA3-SANTANENSE
SANTANENSE;CTSA4;CTSA4-SANTANENSE
CVC BRASIL;CVCB3;CVCB3-CVC BRASIL
CVS HEALTH;CVSH34;CVSH34-CVS HEALTH
CYRELA REALT;CYRE3;CYRE3-CYRELA REALT
DASA;DASA3;DASA3-DASA
DIRECIONAL;DIRR3;DIRR3-DIRECIONAL
WALT DISNEY;DISB34;DISB34-WALT DISNEY
DOMMO;DMMO3;DMMO3-DOMMO
DTCOM-DIRECT;DTCY3;DTCY3-DTCOM-DIRECT
DURATEX;DTEX3;DTEX3-DURATEX
ACO ALTONA;EALT3;EALT3-ACO ALTONA
ACO ALTONA;EALT4;EALT4-ACO ALTONA
ECORODOVIAS;ECOR3;ECOR3-ECORODOVIAS
CEEE-GT;EEEL3;EEEL3-CEEE-GT
ENGIE BRASIL;EGIE3;EGIE3-ENGIE BRASIL
ELEKTRO;EKTR3;EKTR3-ELEKTRO
ELEKTRO;EKTR4;EKTR4-ELEKTRO
ELEKEIROZ;ELEK4;ELEK4-ELEKEIROZ
ELETROBRAS;ELET3;ELET3-ELETROBRAS
ELETROBRAS;ELET6;ELET6-ELETROBRAS
EMAE;EMAE4;EMAE4-EMAE
EMBRAER;EMBR3;EMBR3-EMBRAER
ENAUTA PART;ENAT3;ENAT3-ENAUTA PART
ENERGIAS BR;ENBR3;ENBR3-ENERGIAS BR
ENEVA;ENEV3;ENEV3-ENEVA
ENERGISA;ENGI3;ENGI3-ENERGISA
ENERGISA;ENGI4;ENGI4-ENERGISA
ENERGISA;ENGI11;ENGI11-ENERGISA
CEMAR;ENMA3B;ENMA3B-CEMAR
ENERGISA MT;ENMT3;ENMT3-ENERGISA MT
ENERGISA MT;ENMT4;ENMT4-ENERGISA MT
EQTL PARA;EQPA3;EQPA3-EQTL PARA
EQTL PARA;EQPA6;EQPA6-EQTL PARA
EQTL PARA;EQPA7;EQPA7-EQTL PARA
EQUATORIAL;EQTL3;EQTL3-EQUATORIAL
EUCATEX;EUCA3;EUCA3-EUCATEX
EUCATEX;EUCA4;EUCA4-EUCATEX
EVEN;EVEN3;EVEN3-EVEN
EXXON MOBIL;EXXO34;EXXO34-EXXON MOBIL
EZTEC;EZTC3;EZTC3-EZTEC
FACEBOOK;FBOK34;FBOK34-FACEBOOK
FERBASA;FESA4;FESA4-FERBASA
FLEURY;FLRY3;FLRY3-FLEURY
FRAS-LE;FRAS3;FRAS3-FRAS-LE
BIOTOSCANA;GBIO33;GBIO33-BIOTOSCANA
GE;GEOO34;GEOO34-GE
GER PARANAP;GEPA3;GEPA3-GER PARANAP
GER PARANAP;GEPA4;GEPA4-GER PARANAP
GAFISA;GFSA3;GFSA3-GAFISA
GERDAU;GGBR3;GGBR3-GERDAU
GERDAU;GGBR4;GGBR4-GERDAU
INTERMEDICA;GNDI3;GNDI3-INTERMEDICA
GERDAU MET;GOAU3;GOAU3-GERDAU MET
GERDAU MET;GOAU4;GOAU4-GERDAU MET
ALPHABET;GOGL34;GOGL34-ALPHABET
ALPHABET;GOGL35;GOGL35-ALPHABET
GOL;GOLL4;GOLL4-GOL
GP INVEST;GPIV33;GPIV33-GP INVEST
GEOPARK LTD;GPRK34;GPRK34-GEOPARK LTD
GRENDENE;GRND3;GRND3-GRENDENE
GENERALSHOPP;GSHP3;GSHP3-GENERALSHOPP
GUARARAPES;GUAR3;GUAR3-GUARARAPES
HAGA S-A;HAGA3;HAGA3-HAGA S-A
HAGA S-A;HAGA4;HAGA4-HAGA S-A
HAPVIDA;HAPV3;HAPV3-HAPVIDA
HELBOR;HBOR3;HBOR3-HELBOR
HERCULES;HETA4;HETA4-HERCULES
CIA HERING;HGTX3;HGTX3-CIA HERING
HOME DEPOT;HOME34;HOME34-HOME DEPOT
HYPERA;HYPE3;HYPE3-HYPERA
IBM;IBMB34;IBMB34-IBM
IDEIASNET;IDNT3;IDNT3-IDEIASNET
INDUSVAL;IDVL3;IDVL3-INDUSVAL
INDUSVAL;IDVL4;IDVL4-INDUSVAL
IGUATEMI;IGTA3;IGTA3-IGUATEMI
IRBBRASIL RE;IRBR3;IRBR3-IRBBRASIL RE
INTEL;ITLC34;ITLC34-INTEL
ITAUSA;ITSA3;ITSA3-ITAUSA
ITAUSA;ITSA4;ITSA4-ITAUSA
ITAUUNIBANCO;ITUB3;ITUB3-ITAUUNIBANCO
ITAUUNIBANCO;ITUB4;ITUB4-ITAUUNIBANCO
J B DUARTE;JBDU3;JBDU3-J B DUARTE
J B DUARTE;JBDU4;JBDU4-J B DUARTE
JBS;JBSS3;JBSS3-JBS
JOAO FORTES;JFEN3;JFEN3-JOAO FORTES
JHSF PART;JHSF3;JHSF3-JHSF PART
JOHNSON;JNJB34;JNJB34-JOHNSON
JPMORGAN;JPMC34;JPMC34-JPMORGAN
JEREISSATI;JPSA3;JPSA3-JEREISSATI
JSL;JSLG3;JSLG3-JSL
KOHLS CORP;K1SS34;K1SS34-KOHLS CORP
KEPLER WEBER;KEPL3;KEPL3-KEPLER WEBER
KLABIN S-A;KLBN3;KLBN3-KLABIN S-A
KLABIN S-A;KLBN4;KLBN4-KLABIN S-A
KLABIN S-A;KLBN11;KLBN11-KLABIN S-A
LOJAS AMERIC;LAME3;LAME3-LOJAS AMERIC
LOJAS AMERIC;LAME4;LAME4-LOJAS AMERIC
LOCAMERICA;LCAM3;LCAM3-LOCAMERICA
METAL LEVE;LEVE3;LEVE3-METAL LEVE
LIGHT S-A;LIGT3;LIGT3-LIGHT S-A
LINX;LINX3;LINX3-LINX
ELETROPAR;LIPR3;LIPR3-ELETROPAR
LE LIS BLANC;LLIS3;LLIS3-LE LIS BLANC
LOG COM PROP;LOGG3;LOGG3-LOG COM PROP
LOG-IN;LOGN3;LOGN3-LOG-IN
LOPES BRASIL;LPSB3;LPSB3-LOPES BRASIL
LOJAS RENNER;LREN3;LREN3-LOJAS RENNER
TREVISA;LUXM4;LUXM4-TREVISA
MACY S;MACY34;MACY34-MACY S
MCDONALDS;MCDC34;MCDC34-MCDONALDS
M.DIASBRANCO;MDIA3;MDIA3-M.DIASBRANCO
IMC S-A;MEAL3;MEAL3-IMC S-A
MERCADOLIBRE;MELI34;MELI34-MERCADOLIBRE
MERC FINANC;MERC4;MERC4-MERC FINANC
MANGELS INDL;MGEL4;MGEL4-MANGELS INDL
MAGAZ LUIZA;MGLU3;MGLU3-MAGAZ LUIZA
MILLS;MILS3;MILS3-MILLS
MUNDIAL;MNDL3;MNDL3-MUNDIAL
MINUPAR;MNPR3;MNPR3-MINUPAR
MONT ARANHA;MOAR3;MOAR3-MONT ARANHA
MOVIDA;MOVI3;MOVI3-MOVIDA
MARFRIG;MRFG3;MRFG3-MARFRIG
MRV;MRVE3;MRVE3-MRV
MASTERCARD;MSCD34;MSCD34-MASTERCARD
MICROSOFT;MSFT34;MSFT34-MICROSOFT
METISA;MTSA4;MTSA4-METISA
MULTIPLAN;MULT3;MULT3-MULTIPLAN
MICRON TECHN;MUTC34;MUTC34-MICRON TECHN
IOCHP-MAXION;MYPK3;MYPK3-IOCHP-MAXION
NEOENERGIA;NEOE3;NEOE3-NEOENERGIA
NETFLIX;NFLX34;NFLX34-NETFLIX
NORDON MET;NORD3;NORD3-NORDON MET
GRUPO NATURA;NTCO3;NTCO3-GRUPO NATURA
ODONTOPREV;ODPV3;ODPV3-ODONTOPREV
OUROFINO S-A;OFSA3;OFSA3-OUROFINO S-A
OMEGA GER;OMGE3;OMGE3-OMEGA GER
IHPARDINI;PARD3;PARD3-IHPARDINI
P.ACUCAR-CBD;PCAR4;PCAR4-P.ACUCAR-CBD
PEPSICO INC;PEPB34;PEPB34-PEPSICO INC
PETROBRAS;PETR3;PETR3-PETROBRAS
PETROBRAS;PETR4;PETR4-PETROBRAS
PFIZER;PFIZ34;PFIZ34-PFIZER
PROFARMA;PFRM3;PFRM3-PROFARMA
PG;PGCO34;PGCO34-PG
PINE;PINE4;PINE4-PINE
PLASCAR PART;PLAS3;PLAS3-PLASCAR PART
PARANAPANEMA;PMAM3;PMAM3-PARANAPANEMA
DIMED;PNVL4;PNVL4-DIMED
MARCOPOLO;POMO3;POMO3-MARCOPOLO
MARCOPOLO;POMO4;POMO4-MARCOPOLO
POSITIVO TEC;POSI3;POSI3-POSITIVO TEC
PPLA;PPLA11;PPLA11-PPLA
PETRORIO;PRIO3;PRIO3-PETRORIO
PORTO SEGURO;PSSA3;PSSA3-PORTO SEGURO
PORTOBELLO;PTBL3;PTBL3-PORTOBELLO
PETTENATI;PTNT4;PTNT4-PETTENATI
PAYPAL HOLD;PYPL34;PYPL34-PAYPAL HOLD
QUALICORP;QUAL3;QUAL3-QUALICORP
RAIADROGASIL;RADL3;RADL3-RAIADROGASIL
RUMO S.A.;RAIL3;RAIL3-RUMO S.A.
CELUL IRANI;RANI3;RANI3-CELUL IRANI
CELUL IRANI;RANI4;RANI4-CELUL IRANI
RANDON PART;RAPT3;RAPT3-RANDON PART
RANDON PART;RAPT4;RAPT4-RANDON PART
RECRUSUL;RCSL3;RCSL3-RECRUSUL
RECRUSUL;RCSL4;RCSL4-RECRUSUL
RNI;RDNI3;RDNI3-RNI
REDE ENERGIA;REDE3;REDE3-REDE ENERGIA
LOCALIZA;RENT3;RENT3-LOCALIZA
COSAN LOG;RLOG3;RLOG3-COSAN LOG
INDS ROMI;ROMI3;ROMI3-INDS ROMI
ALFA HOLDING;RPAD3;RPAD3-ALFA HOLDING
ALFA HOLDING;RPAD5;RPAD5-ALFA HOLDING
ALFA HOLDING;RPAD6;RPAD6-ALFA HOLDING
ROSSI RESID;RSID3;RSID3-ROSSI RESID
RIOSULENSE;RSUL4;RSUL4-RIOSULENSE
SANTANDER BR;SANB3;SANB3-SANTANDER BR
SANTANDER BR;SANB4;SANB4-SANTANDER BR
SANTANDER BR;SANB11;SANB11-SANTANDER BR
SANEPAR;SAPR3;SAPR3-SANEPAR
SANEPAR;SAPR4;SAPR4-SANEPAR
SANEPAR;SAPR11;SAPR11-SANEPAR
SABESP;SBSP3;SBSP3-SABESP
STARBUCKS;SBUB34;SBUB34-STARBUCKS
SAO CARLOS;SCAR3;SCAR3-SAO CARLOS
SER EDUCA;SEER3;SEER3-SER EDUCA
SPRINGS;SGPS3;SGPS3-SPRINGS
TIME FOR FUN;SHOW3;SHOW3-TIME FOR FUN
SCHULZ;SHUL4;SHUL4-SCHULZ
SLC AGRICOLA;SLCE3;SLCE3-SLC AGRICOLA
SMILES;SMLS3;SMLS3-SMILES
SAO MARTINHO;SMTO3;SMTO3-SAO MARTINHO
SPRINGER;SPRI3;SPRI3-SPRINGER
SPRINGER;SPRI6;SPRI6-SPRINGER
SINQIA;SQIA3;SQIA3-SINQIA
SANTOS BRP;STBP3;STBP3-SANTOS BRP
SUL AMERICA;SULA3;SULA3-SUL AMERICA
SUL AMERICA;SULA4;SULA4-SUL AMERICA
SUL AMERICA;SULA11;SULA11-SUL AMERICA
SUZANO S.A.;SUZB3;SUZB3-SUZANO S.A.
TAESA;TAEE3;TAEE3-TAESA
TAESA;TAEE4;TAEE4-TAESA
TAESA;TAEE11;TAEE11-TAESA
TAURUS ARMAS;TASA3;TASA3-TAURUS ARMAS
TAURUS ARMAS;TASA4;TASA4-TAURUS ARMAS
TECNISA;TCSA3;TCSA3-TECNISA
TECHNOS;TECN3;TECN3-TECHNOS
TELEBRAS;TELB4;TELB4-TELEBRAS
TENDA;TEND3;TEND3-TENDA
TERRA SANTA;TESA3;TESA3-TERRA SANTA
TEXAS INC;TEXA34;TEXA34-TEXAS INC
TEGMA;TGMA3;TGMA3-TEGMA
AES TIETE E;TIET3;TIET3-AES TIETE E
AES TIETE E;TIET4;TIET4-AES TIETE E
AES TIETE E;TIET11;TIET11-AES TIETE E
TIM PART S-A;TIMP3;TIMP3-TIM PART S-A
TOTVS;TOTS3;TOTS3-TOTVS
TRISUL;TRIS3;TRIS3-TRISUL
TRAN PAULIST;TRPL3;TRPL3-TRAN PAULIST
TRAN PAULIST;TRPL4;TRPL4-TRAN PAULIST
TESLA INC;TSLA34;TSLA34-TESLA INC
TUPY;TUPY3;TUPY3-TUPY
UNICASA;UCAS3;UCAS3-UNICASA
ULTRAPAR;UGPA3;UGPA3-ULTRAPAR
UNITEDHEALTH;UNHH34;UNHH34-UNITEDHEALTH
UNIPAR;UNIP3;UNIP3-UNIPAR
UNIPAR;UNIP5;UNIP5-UNIPAR
UNIPAR;UNIP6;UNIP6-UNIPAR
USIMINAS;USIM3;USIM3-USIMINAS
USIMINAS;USIM5;USIM5-USIMINAS
US STEEL;USSX34;USSX34-US STEEL
VALE;VALE3;VALE3-VALE
VERIZON;VERZ34;VERZ34-VERIZON
VISA INC;VISA34;VISA34-VISA INC
VIVARA S.A.;VIVA3;VIVA3-VIVARA S.A.
TELEF BRASIL;VIVT3;VIVT3-TELEF BRASIL
TELEF BRASIL;VIVT4;VIVT4-TELEF BRASIL
VALID;VLID3;VLID3-VALID
VULCABRAS;VULC3;VULC3-VULCABRAS
VIAVAREJO;VVAR3;VVAR3-VIAVAREJO
WAL MART;WALM34;WALM34-WAL MART
WEG;WEGE3;WEGE3-WEG
WELLS FARGO;WFCO34;WFCO34-WELLS FARGO
WHIRLPOOL;WHRL3;WHRL3-WHIRLPOOL
WHIRLPOOL;WHRL4;WHRL4-WHIRLPOOL
WIZ S.A.;WIZS3;WIZS3-WIZ S.A.
WLM IND COM;WLMM3;WLMM3-WLM IND COM
WLM IND COM;WLMM4;WLMM4-WLM IND COM
WILSON SONS;WSON33;WSON33-WILSON SONS
XEROX CORP;XRXB34;XRXB34-XEROX CORP
YDUQS PART;YDUQ3;YDUQ3-YDUQS PART
ABBOTT;ABTT34;ABTT34-ABBOTT
AB INBEV;ABUD34;ABUD34-AB INBEV
ACCENTURE;ACNB34;ACNB34-ACCENTURE
ADOBE INC;ADBE34;ADBE34-ADOBE INC
AUTOMATIC DT;ADPR34;ADPR34-AUTOMATIC DT
AMGEN;AMGN34;AMGN34-AMGEN
ARCELOR;ARMT34;ARMT34-ARCELOR
ASML HOLD;ASML34;ASML34-ASML HOLD
BROADCOM INC;AVGO34;AVGO34-BROADCOM INC
ARMSTRONG;AWII34;AWII34-ARMSTRONG
AMERICAN EXP;AXPB34;AXPB34-AMERICAN EXP
BAUMER;BALM4;BALM4-BAUMER
BHP GROUP;BHPG34;BHPG34-BHP GROUP
BIOGEN;BIIB34;BIIB34-BIOGEN
BOOKING;BKNG34;BKNG34-BOOKING
BLACKROCK;BLAK34;BLAK34-BLACKROCK
BRISTOLMYERS;BMYB34;BMYB34-BRISTOLMYERS
BOEING;BOEI34;BOEI34-BOEING
BNY MELLON;BONY34;BONY34-BNY MELLON
ARCHER DANIE;A1DM34;A1DM34-ARCHER DANIE
ALEXION PHAR;A1LX34;A1LX34-ALEXION PHAR
ABBVIE;ABBV34;ABBV34-ABBVIE
ACTIVISION;ATVI34;ATVI34-ACTIVISION
BILBAOVIZ;BILB34;BILB34-BILBAOVIZ
BOSTON PROP;BOXP34;BOXP34-BOSTON PROP
BRASKEM;BRKM6;BRKM6-BRASKEM
BANRISUL;BRSR5;BRSR5-BANRISUL
CATERPILLAR;CATP34;CATP34-CATERPILLAR
CEDRO;CEDO3;CEDO3-CEDRO
CHARTER COMM;CHCM34;CHCM34-CHARTER COMM
CME GROUP;CHME34;CHME34-CME GROUP
CANAD NATION;CNIC34;CNIC34-CANAD NATION
COCA COLA;COCA34;COCA34-COCA COLA
COLGATE;COLG34;COLG34-COLGATE
CTRIPCOM;CRIP34;CRIP34-CTRIPCOM
CISCO;CSCO34;CSCO34-CISCO
COSERN;CSRN3;CSRN3-COSERN
CSX CORP;CSXC34;CSXC34-CSX CORP
KARSTEN;CTKA4;CTKA4-KARSTEN
DEUTSCHE AK;DBAG34;DBAG34-DEUTSCHE AK
DUPONT N INC;DDNB34;DDNB34-DUPONT N INC
DEERE CO;DEEC34;DEEC34-DEERE CO
DIAGEO PL;DEOP34;DEOP34-DIAGEO PL
DANAHER CORP;DHER34;DHER34-DANAHER CORP
DOHLER;DOHL4;DOHL4-DOHLER
DUKE ENERGY;DUKB34;DUKB34-DUKE ENERGY
EBAY;EBAY34;EBAY34-EBAY
EQUINIX INC;EQIX34;EQIX34-EQUINIX INC
EQTL PARA;EQPA5;EQPA5-EQTL PARA
FIDELITY NAT;F1NI34;F1NI34-FIDELITY NAT
FORD MOTORS;FDMO34;FDMO34-FORD MOTORS
FEDEX CORP;FDXB34;FDXB34-FEDEX CORP
FERBASA;FESA3;FESA3-FERBASA
GEN DYNAMICS;GDBR34;GDBR34-GEN DYNAMICS
GILEAD;GILD34;GILD34-GILEAD
GENERAL MOT;GMCO34;GMCO34-GENERAL MOT
GOLDMANSACHS;GSGI34;GSGI34-GOLDMANSACHS
HONEYWELL;HONB34;HONB34-HONEYWELL
HONDA MO;HOND34;HOND34-HONDA MO
HP COMPANY;HPQB34;HPQB34-HP COMPANY
ING GROEP;INGG34;INGG34-ING GROEP
INTUIT INC;INTU34;INTU34-INTUIT INC
JD COM;JDCO34;JDCO34-JD COM
KIMBERLY CL;KMBB34;KMBB34-KIMBERLY CL
KINDER MORGA;KMIC34;KMIC34-KINDER MORGA
LILLY;LILY34;LILY34-LILLY
LOCKHEED;LMTB34;LMTB34-LOCKHEED
LOWES COMPA;LOWC34;LOWC34-LOWES COMPA
MOODYS CORP;MCOR34;MCOR34-MOODYS CORP
MONDELEZ INT;MDLZ34;MDLZ34-MONDELEZ INT
MEDTRONIC;MDTC34;MDTC34-MEDTRONIC
METLIFE INC;METB34;METB34-METLIFE INC
3M;MMMC34;MMMC34-3M
ALTRIA GROUP;MOOO34;MOOO34-ALTRIA GROUP
MOSAIC CO;MOSC34;MOSC34-MOSAIC CO
MERCK;MRCK34;MRCK34-MERCK
METISA;MTSA3;MTSA3-METISA
NEXTERA ENER;NEXT34;NEXT34-NEXTERA ENER
NIKE;NIKE34;NIKE34-NIKE
NORTHROP GRU;NOCG34;NOCG34-NORTHROP GRU
NOKIA CORP;NOKI34;NOKI34-NOKIA CORP
NVIDIA CORP;NVDC34;NVDC34-NVIDIA CORP
ORACLE;ORCL34;ORCL34-ORACLE
OCCIDENT PTR;OXYP34;OXYP34-OCCIDENT PTR
PAR AL BAHIA;PEAB3;PEAB3-PAR AL BAHIA
PAR AL BAHIA;PEAB4;PEAB4-PAR AL BAHIA
PHILIP MORRI;PHMO34;PHMO34-PHILIP MORRI
PNCFNANCIAL;PNCS34;PNCS34-PNCFNANCIAL
DIMED;PNVL3;PNVL3-DIMED
QUALCOMM;QCOM34;QCOM34-QUALCOMM
RD SHELL;RDSA34;RDSA34-RD SHELL
RIO TINTO;RIOT34;RIOT34-RIO TINTO
ROSS STORES;ROST34;ROST34-ROSS STORES
SYNCHRONY FI;S1YF34;S1YF34-SYNCHRONY FI
SAP SE;SAPP34;SAPP34-SAP SE
SCHWAB;SCHW34;SCHW34-SCHWAB
SIMON PROP;SIMN34;SIMN34-SIMON PROP
SCHLUMBERGER;SLBG34;SLBG34-SCHLUMBERGER
SONY CORP;SNEC34;SNEC34-SONY CORP
SONDOTECNICA;SOND6;SOND6-SONDOTECNICA
SP GLOBAL;SPGI34;SPGI34-SP GLOBAL
SIRIUS XM HD;SRXM34;SRXM34-SIRIUS XM HD
SALESFORCE;SSFO34;SSFO34-SALESFORCE
CONSTELLATIO;STZB34;STZB34-CONSTELLATIO
TAKEDAPH;TAKP34;TAKP34-TAKEDAPH
TELEBRAS;TELB3;TELB3-TELEBRAS
TJX COMPANIE;TJXC34;TJXC34-TJX COMPANIE
TELEFONIC;TLNC34;TLNC34-TELEFONIC
TOYOTAMO;TMCO34;TMCO34-TOYOTAMO
THERMFISCHER;TMOS34;TMOS34-THERMFISCHER
TAIWANSMFAC;TSMC34;TSMC34-TAIWANSMFAC
TYSON FOODS;TSNF34;TSNF34-TYSON FOODS
TWITTER;TWTR34;TWTR34-TWITTER
UBER TECH IN;U1BE34;U1BE34-UBER TECH IN
UBS GROUP;UBSG34;UBSG34-UBS GROUP
UNILEVER;ULEV34;ULEV34-UNILEVER
UNIONPACIFIC;UPAC34;UPAC34-UNIONPACIFIC
UPS;UPSS34;UPSS34-UPS
US BANCORP;USBC34;USBC34-US BANCORP
USIMINAS;USIM6;USIM6-USIMINAS
UNITED TECH;UTEC34;UTEC34-UNITED TECH
VF CORP;VFCO34;VFCO34-VF CORP
VERISIGN INC;VRSN34;VRSN34-VERISIGN INC
VERTEX PHARM;VRTX34;VRTX34-VERTEX PHARM
WESTERN DIG;W1DC34;W1DC34-WESTERN DIG
WALGREENS;WGBA34;WGBA34-WALGREENS
ADVANCED MIC;A1MD34;A1MD34-ADVANCED MIC
APPLIED MATE;A1MT34;A1MT34-APPLIED MATE
AMERICAN AIR;AALL34;AALL34-AMERICAN AIR
SPTURIS;AHEB3;AHEB3-SPTURIS
ARCONIC;ARNC34;ARNC34-ARCONIC
BEST BUY;BBYY34;BBYY34-BEST BUY
MERC INVEST;BMIN4;BMIN4-MERC INVEST
CELPE;CEPE5;CEPE5-CELPE
CESP;CESP5;CESP5-CESP
COELCE;COCE3;COCE3-COELCE
CRISTAL;CRPG3;CRPG3-CRISTAL
KARSTEN;CTKA3;CTKA3-KARSTEN
DOLLAR GENER;DGCO34;DGCO34-DOLLAR GENER
ELETROBRAS;ELET5;ELET5-ELETROBRAS
METALFRIO;FRIO3;FRIO3-METALFRIO
HABITASUL;HBTS5;HBTS5-HABITASUL
INVESCO LTD;I1VZ34;I1VZ34-INVESCO LTD
KRAFT HEINZ;KHCB34;KHCB34-KRAFT HEINZ
CEMEPE;MAPT4;MAPT4-CEMEPE
P.ACUCAR-CBD;PCAR3;PCAR3-P.ACUCAR-CBD
SPRINT;SPRN34;SPRN34-SPRINT
TARGET CORP;TGTB34;TGTB34-TARGET CORP
APACHE CORP;A1PA34;A1PA34-APACHE CORP
BANESE;BGIP3;BGIP3-BANESE
MERC INVEST;BMIN3;BMIN3-MERC INVEST
BOMBRIL;BOBR3;BOBR3-BOMBRIL
CARNIVAL COR;C1CL34;C1CL34-CARNIVAL COR
CONST A LIND;CALI4;CALI4-CONST A LIND
CEEE-D;CEED4;CEED4-CEEE-D
COSERN;CSRN5;CSRN5-COSERN
COSERN;CSRN6;CSRN6-COSERN
ENCORPAR;ECPR3;ECPR3-ENCORPAR
ENCORPAR;ECPR4;ECPR4-ENCORPAR
ELEKEIROZ;ELEK3;ELEK3-ELEKEIROZ
ESTRELA;ESTR4;ESTR4-ESTRELA
GOPRO;GPRO34;GPRO34-GOPRO
HALLIBURTON;HALI34;HALI34-HALLIBURTON
IBOVESPA;IBOV11;IBOV11-IBOVESPA
JOSAPAR;JOPA3;JOPA3-JOSAPAR
MARATHON OIL;M1RO34;M1RO34-MARATHON OIL
METAL IGUACU;MTIG4;MTIG4-METAL IGUACU
PANATLANTICA;PATI3;PATI3-PANATLANTICA
PETTENATI;PTNT3;PTNT3-PETTENATI
TRANSOCEAN;RIGG34;RIGG34-TRANSOCEAN
SPRINGER;SPRI5;SPRI5-SPRINGER
BOSTON SCIEN;B1SX34;B1SX34-BOSTON SCIEN
CIGNA CORP;C1IC34;C1IC34-CIGNA CORP
CAPITAL ONE;CAON34;CAON34-CAPITAL ONE
CAPRI HOLDI;CAPH34;CAPH34-CAPRI HOLDI
CEEE-D;CEED3;CEED3-CEEE-D
COTY INC;COTY34;COTY34-COTY INC
SEG AL BAHIA;CSAB3;CSAB3-SEG AL BAHIA
DOMINION ENE;D1OM34;D1OM34-DOMINION ENE
DOHLER;DOHL3;DOHL3-DOHLER
CEEE-GT;EEEL4;EEEL4-CEEE-GT
EQTLMARANHAO;EQMA3B;EQMA3B-EQTLMARANHAO
FISERV INC;F1IS34;F1IS34-FISERV INC
FEMSA;FMXB34;FMXB34-FEMSA
CELGPAR;GPAR3;GPAR3-CELGPAR
JOHNSON CONT;J1CI34;J1CI34-JOHNSON CONT
JC PENNEY;JCPC34;JCPC34-JC PENNEY
LAM RESEARCH;L1RC34;L1RC34-LAM RESEARCH
MORGAN STAN;MSBR34;MSBR34-MORGAN STAN
MITRE REALTY;MTRE3;MTRE3-MITRE REALTY
NXP SEMICOND;N1XP34;N1XP34-NXP SEMICOND
NADIR FIGUEI;NAFG3;NAFG3-NADIR FIGUEI
NADIR FIGUEI;NAFG4;NAFG4-NADIR FIGUEI
PANATLANTICA;PATI4;PATI4-PANATLANTICA
SEAGATE TECH;S1TX34;S1TX34-SEAGATE TECH
SONDOTECNICA;SOND5;SOND5-SONDOTECNICA
STMICROEL;STMN34;STMN34-STMICROEL
TECHNIPFMC P;T1EC34;T1EC34-TECHNIPFMC P
T-MOBILE US;T1MU34;T1MU34-T-MOBILE US
THE SOUTHERN;T1SO34;T1SO34-THE SOUTHERN
TRIUNFO PART;TPIS3;TPIS3-TRIUNFO PART
UNITED AIRLI;U1AL34;U1AL34-UNITED AIRLI
WESTERN BCOR;WABC34;WABC34-WESTERN BCOR
ADVANCE AUTO;A1AP34;A1AP34-ADVANCE AUTO
ABIOMED INC;A1BM34;A1BM34-ABIOMED INC
ANALOG DEVIC;A1DI34;A1DI34-ANALOG DEVIC
AMERICAN ELE;A1EP34;A1EP34-AMERICAN ELE
AKAMAI TECHN;A1KA34;A1KA34-AKAMAI TECHN
ALBEMARLE CO;A1LB34;A1LB34-ALBEMARLE CO
ANTHEM INC;A1NT34;A1NT34-ANTHEM INC
AIR PRODUCTS;A1PD34;A1PD34-AIR PRODUCTS
AUTODESK INC;A1UT34;A1UT34-AUTODESK INC
AIG GROUP;AIGB34;AIGB34-AIG GROUP
BBT CORP;B1BT34;B1BT34-BBT CORP
BIOMARIN PHA;B1MR34;B1MR34-BIOMARIN PHA
CBOE GLOBAL;C1BO34;C1BO34-CBOE GLOBAL
CERNER CORP;C1ER34;C1ER34-CERNER CORP
CH ROBINSON;C1HR34;C1HR34-CH ROBINSON
CENTERPOINT;C1NP34;C1NP34-CENTERPOINT
CENTURYLINK;C1TL34;C1TL34-CENTURYLINK
CITRIX SYSTE;C1TX34;C1TX34-CITRIX SYSTE
CELESC;CLSC3;CLSC3-CELESC
DTE ENERGY C;D1TE34;D1TE34-DTE ENERGY C
DELTA;DEAI34;DEAI34-DELTA
ECOLAB INC;E1CL34;E1CL34-ECOLAB INC
EOG RESOURCE;E1OG34;E1OG34-EOG RESOURCE
EVERSOURCE E;E1SE34;E1SE34-EVERSOURCE E
EVERGY INC;E1VR34;E1VR34-EVERGY INC
EXELON CORP;E1XC34;E1XC34-EXELON CORP
ELECTR ARTS;EAIN34;EAIN34-ELECTR ARTS
ESTEE LAUDER;ELCI34;ELCI34-ESTEE LAUDER
FIRSTENERGY;F1EC34;F1EC34-FIRSTENERGY
FLOWSERVE CO;F1LS34;F1LS34-FLOWSERVE CO
FORTIVE CORP;F1TV34;F1TV34-FORTIVE CORP
WW GRAINGER;G1WW34;G1WW34-WW GRAINGER
HCA HEALTHCA;H1CA34;H1CA34-HCA HEALTHCA
INTERCONTINE;I1CE34;I1CE34-INTERCONTINE
IHS MARKIT L;I1NF34;I1NF34-IHS MARKIT L
IPG PHOTONIC;I1PG34;I1PG34-IPG PHOTONIC
JOSAPAR;JOPA4;JOPA4-JOSAPAR
KLA CORP;K1LA34;K1LA34-KLA CORP
LIBERTY GLOB;L1BT34;L1BT34-LIBERTY GLOB
LINDE PLC;L1IN34;L1IN34-LINDE PLC
LINCOLN NATI;L1NC34;L1NC34-LINCOLN NATI
L BRANDS;LBRN34;LBRN34-L BRANDS
LOCAWEB;LWSA3;LWSA3-LOCAWEB
MOLSON COORS;M1CB34;M1CB34-MOLSON COORS
MGM RESORTS;M1GM34;M1GM34-MGM RESORTS
MCCORMICK;M1KC34;M1KC34-MCCORMICK
MOURA DUBEUX;MDNE3;MDNE3-MOURA DUBEUX
NOBLE ENERGY;N1BL34;N1BL34-NOBLE ENERGY
NATIONAL OIL;N1OV34;N1OV34-NATIONAL OIL
NETAPP INC;N1TA34;N1TA34-NETAPP INC
NETEASE;NETE34;NETE34-NETEASE
NOMURA HO;NMRH34;NMRH34-NOMURA HO
PAYCHEX INC;P1AY34;P1AY34-PAYCHEX INC
PRUDENTIAL F;P1DT34;P1DT34-PRUDENTIAL F
PIONEER NATU;P1IO34;P1IO34-PIONEER NATU
PROLOGIS INC;P1LD34;P1LD34-PROLOGIS INC
PHILLIPS 66;P1SX34;P1SX34-PHILLIPS 66
PRINER;PRNR3;PRNR3-PRINER
REPUBLIC SER;R1SG34;R1SG34-REPUBLIC SER
SPOTIFY TECH;S1PO34;S1PO34-SPOTIFY TECH
TRIPADVISOR;T1RI34;T1RI34-TRIPADVISOR
TRACTOR SUPP;T1SC34;T1SC34-TRACTOR SUPP
WASTE MANAG;W1MC34;W1MC34-WASTE MANAG
WESTERNUNION;WUNI34;WUNI34-WESTERNUNION
XCEL ENERGY;X1EL34;X1EL34-XCEL ENERGY
YUM BRANDS;YUMR34;YUMR34-YUM BRANDS
ALLIANT ENER;A1EN34;A1EN34-ALLIANT ENER
AES CORP;A1ES34;A1ES34-AES CORP
AFLAC INC;A1FL34;A1FL34-AFLAC INC
AGILENT TECH;A1GI34;A1GI34-AGILENT TECH
ALLEGION PLC;A1GN34;A1GN34-ALLEGION PLC
ALASKA AIR G;A1LK34;A1LK34-ALASKA AIR G
ALLIANCE DAT;A1LL34;A1LL34-ALLIANCE DAT
AMERIPRISE F;A1MP34;A1MP34-AMERIPRISE F
AO SMITH COR;A1OS34;A1OS34-AO SMITH COR
AMPHENOL COR;A1PH34;A1PH34-AMPHENOL COR
ASSURANT INC;A1SU34;A1SU34-ASSURANT INC
ALLSTATE COR;A1TT34;A1TT34-ALLSTATE COR
AVERY DENNIS;A1VY34;A1VY34-AVERY DENNIS
SPTURIS;AHEB5;AHEB5-SPTURIS
APTIV PLC;APTV34;APTV34-APTIV PLC
TRUIST FINAN;B1BT34;B1BT34-TRUIST FINAN
BECTON DICKI;B1DX34;B1DX34-BECTON DICKI
BAKER HUGHES;B1KR34;B1KR34-BAKER HUGHES
BORGWARNER I;B1WA34;B1WA34-BORGWARNER I
BAIDU INC;BIDU34;BIDU34-BAIDU INC
ALFA CONSORC;BRGE6;BRGE6-ALFA CONSORC
BRB BANCO;BSLI3;BSLI3-BRB BANCO
CONAGRA BRAN;C1AG34;C1AG34-CONAGRA BRAN
CARDINAL HEA;C1AH34;C1AH34-CARDINAL HEA
CBS CORP;C1BS34;C1BS34-CBS CORP
VIACOMCBS;C1BS34;C1BS34-VIACOMCBS
CROWN CASTLE;C1CI34;C1CI34-CROWN CASTLE
CITIZENS FIN;C1FG34;C1FG34-CITIZENS FIN
CF INDUSTRIE;C1FI34;C1FI34-CF INDUSTRIE
COMERICA INC;C1MA34;C1MA34-COMERICA INC
CHIPOTLE MEX;C1MG34;C1MG34-CHIPOTLE MEX
CENTENE CORP;C1NC34;C1NC34-CENTENE CORP
CABOT OIL;C1OG34;C1OG34-CABOT OIL
COPART INC;C1PR34;C1PR34-COPART INC
CONCHO RESOU;C1XO34;C1XO34-CONCHO RESOU
CANON INC;CAJI34;CAJI34-CANON INC
CINCINNATI;CINF34;CINF34-CINCINNATI
CREDIT ACCEP;CRDA34;CRDA34-CREDIT ACCEP
CRH PLC;CRHP34;CRHP34-CRH PLC
COGNIZANT;CTSH34;CTSH34-COGNIZANT
DELL TECHNOL;D1EL34;D1EL34-DELL TECHNOL
DISCOVER FIN;D1FS34;D1FS34-DISCOVER FIN
DR HORTON IN;D1HI34;D1HI34-DR HORTON IN
DISH NETWORK;D1IS34;D1IS34-DISH NETWORK
DIGITAL REAL;D1LR34;D1LR34-DIGITAL REAL
DEVON ENERGY;D1VN34;D1VN34-DEVON ENERGY
DXC TECHNOLO;D1XC34;D1XC34-DXC TECHNOLO
DISCOVERY IN;DCVY34;DCVY34-DISCOVERY IN
DISCOVERY IN;DCVY35;DCVY35-DISCOVERY IN
DOLLAR TREE;DLTR34;DLTR34-DOLLAR TREE
EDISON INTER;E1IX34;E1IX34-EDISON INTER
EASTMAN CHEM;E1MN34;E1MN34-EASTMAN CHEM
EQUITY RESID;E1QR34;E1QR34-EQUITY RESID
E TRADE FINA;E1TF34;E1TF34-E TRADE FINA
EATON CORP P;E1TN34;E1TN34-EATON CORP P
EXTRA SPACE;E1XR34;E1XR34-EXTRA SPACE
EXPEDIA GROU;EXGR34;EXGR34-EXPEDIA GROU
DIAMONDBACK;F1AN34;F1AN34-DIAMONDBACK
FORTUNE BRAN;F1BH34;F1BH34-FORTUNE BRAN
FLIR SYSTEMS;F1LI34;F1LI34-FLIR SYSTEMS
FRANKLIN RES;F1RA34;F1RA34-FRANKLIN RES
FASTENAL;FASL34;FASL34-FASTENAL
FREEPORT;FCXO34;FCXO34-FREEPORT
FIFTH THIRD;FFTD34;FFTD34-FIFTH THIRD
FRESENIUS;FMSC34;FMSC34-FRESENIUS
FOX CORP;FOXC34;FOXC34-FOX CORP
FIRST SOLAR;FSLR34;FSLR34-FIRST SOLAR
CORNING INC;G1LW34;G1LW34-CORNING INC
GENERAL MILL;G1MI34;G1MI34-GENERAL MILL
GARMIN LTD;G1RM34;G1RM34-GARMIN LTD
GAP;GPSI34;GPSI34-GAP
HUNTINGTON B;H1BA34;H1BA34-HUNTINGTON B
HANESBRANDS;H1BI34;H1BI34-HANESBRANDS
HESS CORP;H1ES34;H1ES34-HESS CORP
HOLLYFRONTIE;H1FC34;H1FC34-HOLLYFRONTIE
HARTFORD FIN;H1IG34;H1IG34-HARTFORD FIN
HILTON WORLD;H1LT34;H1LT34-HILTON WORLD
HOLOGIC INC;H1OL34;H1OL34-HOLOGIC INC
HEWLETT PACK;H1PE34;H1PE34-HEWLETT PACK
HORMEL FOODS;H1RL34;H1RL34-HORMEL FOODS
HOST HOTELS;H1ST34;H1ST34-HOST HOTELS
HERSHEY CO;HSHY34;HSHY34-HERSHEY CO
FLAVOR FLAGR;I1FF34;I1FF34-FLAVOR FLAGR
INTERNATIONA;I1PC34;I1PC34-INTERNATIONA
IRON MOUNTAI;I1RM34;I1RM34-IRON MOUNTAI
INTUITIVE SU;I1SR34;I1SR34-INTUITIVE SU
ILLINOIS TOO;I1TW34;I1TW34-ILLINOIS TOO
INVEST BCORP;ISBC34;ISBC34-INVEST BCORP
NORDSTROM IN;J1WN34;J1WN34-NORDSTROM IN
KEYCORP;K1EY34;K1EY34-KEYCORP
KIMCO REALTY;K1IM34;K1IM34-KIMCO REALTY
KROGER CO;K1RC34;K1RC34-KROGER CO
KEYSIGHT TEC;K1SG34;K1SG34-KEYSIGHT TEC
KEMPER CORP;KMPR34;KMPR34-KEMPER CORP
LENNAR CORP;L1EN34;L1EN34-LENNAR CORP
LKQ CORP;L1KQ34;L1KQ34-LKQ CORP
MASCO CORP;M1AS34;M1AS34-MASCO CORP
MICROCHIP TE;M1CH34;M1CH34-MICROCHIP TE
MARSH E MCLE;M1MC34;M1MC34-MARSH E MCLE
MONSTER BEVE;M1NS34;M1NS34-MONSTER BEVE
MARATHON PET;M1PC34;M1PC34-MARATHON PET
MSCI INC;M1SC34;M1SC34-MSCI INC
MOTOROLA SOL;M1SI34;M1SI34-MOTOROLA SOL
MT BANK COR;M1TB34;M1TB34-MT BANK COR
MARRIOTT INT;M1TT34;M1TT34-MARRIOTT INT
NORWEGIAN CR;N1CL34;N1CL34-NORWEGIAN CR
NASDAQ INC;N1DA34;N1DA34-NASDAQ INC
NEWMONT GOLD;N1EM34;N1EM34-NEWMONT GOLD
NISOURCE INC;N1IS34;N1IS34-NISOURCE INC
NIELSEN HOLD;N1LS34;N1LS34-NIELSEN HOLD
NRG ENERGY I;N1RG34;N1RG34-NRG ENERGY I
NORFOLK SOUT;N1SC34;N1SC34-NORFOLK SOUT
NORTHERN TRU;N1TR34;N1TR34-NORTHERN TRU
NUCOR CORP;N1UE34;N1UE34-NUCOR CORP
NEWELL BRAND;N1WL34;N1WL34-NEWELL BRAND
NEWS CORP;N1WS34;N1WS34-NEWS CORP
PACCAR INC;P1AC34;P1AC34-PACCAR INC
PEOPLES UNIT;P1BC34;P1BC34-PEOPLES UNIT
HEALTHPEAK P;P1EA34;P1EA34-HEALTHPEAK P
PUBLIC SERVI;P1EG34;P1EG34-PUBLIC SERVI
PRINCIPAL FI;P1FG34;P1FG34-PRINCIPAL FI
THE PROGRESS;P1GR34;P1GR34-THE PROGRESS
PARKER-HANNI;P1HC34;P1HC34-PARKER-HANNI
PULTEGROUP I;P1HM34;P1HM34-PULTEGROUP I
PPL CORP;P1PL34;P1PL34-PPL CORP
PERRIGO CO P;P1RG34;P1RG34-PERRIGO CO P
KOPHILIPS;PHGN34;PHGN34-KOPHILIPS
QUANTA SERVI;Q1UA34;Q1UA34-QUANTA SERVI
ROYAL CARIBB;R1CL34;R1CL34-ROYAL CARIBB
REGENCY CENT;R1EG34;R1EG34-REGENCY CENT
REGIONS FINA;R1FC34;R1FC34-REGIONS FINA
RAYMOND JAME;R1JF34;R1JF34-RAYMOND JAME
RALPH LAUREN;R1LC34;R1LC34-RALPH LAUREN
IRANI;RANI3;RANI3-IRANI
IRANI;RANI4;RANI4-IRANI
REGENERON PH;REGN34;REGN34-REGENERON PH
SBA COMMUNIC;S1BA34;S1BA34-SBA COMMUNIC
SVB FINANCIA;S1IV34;S1IV34-SVB FINANCIA
SYNOPSYS INC;S1NP34;S1NP34-SYNOPSYS INC
SOUTHWEST AI;S1OU34;S1OU34-SOUTHWEST AI
SKYWORKS SOL;S1SL34;S1SL34-SKYWORKS SOL
STATE STREET;S1TT34;S1TT34-STATE STREET
STANLEY BLAC;S1WK34;S1WK34-STANLEY BLAC
STRYKER CORP;S1YK34;S1YK34-STRYKER CORP
NORTONLIFE;S1YM34;S1YM34-NORTONLIFE
SYSCO CORP;S1YY34;S1YY34-SYSCO CORP
STERLING BNC;SLBC34;SLBC34-STERLING BNC
TELEFLEX INC;T1FX34;T1FX34-TELEFLEX INC
AMERICAN TOW;T1OW34;T1OW34-AMERICAN TOW
T ROWE PRICE;T1RO34;T1RO34-T ROWE PRICE
TEXTRON INC;T1XT34;T1XT34-TEXTRON INC
TEKNO;TKNO4;TKNO4-TEKNO
TAPESTRY INC;TPRY34;TPRY34-TAPESTRY INC
TERNIUMSA;TXSA34;TXSA34-TERNIUMSA
UNDER ARMOUR;U1AI34;U1AI34-UNDER ARMOUR
ULTA BEAUTY;U1LT34;U1LT34-ULTA BEAUTY
UNUM GROUP;U1NM34;U1NM34-UNUM GROUP
VORNADO REAL;V1NO34;V1NO34-VORNADO REAL
VALERO ENER;VLOE34;VLOE34-VALERO ENER
VALLEY NTION;VLYB34;VLYB34-VALLEY NTION
WORKDAY INC;W1DA34;W1DA34-WORKDAY INC
WELLTOWER IN;W1EL34;W1EL34-WELLTOWER IN
WHIRLPOOL CO;W1HR34;W1HR34-WHIRLPOOL CO
WILLIAMS COS;W1MB34;W1MB34-WILLIAMS COS
WESTROCK CO;W1RK34;W1RK34-WESTROCK CO
WEYERHAEUSER;W1YC34;W1YC34-WEYERHAEUSER
WYNN RESORTS;W1YN34;W1YN34-WYNN RESORTS
XILINX INC;X1LN34;X1LN34-XILINX INC
ZIONSBANCORP;Z1IO34;Z1IO34-ZIONSBANCORP
ZOETIS INC;Z1TS34;Z1TS34-ZOETIS INC
ANSYS INC;A1NS34;A1NS34-ANSYS INC
AUTOZONE INC;AZOI34;AZOI34-AUTOZONE INC
BALL CORP;B1LL34;B1LL34-BALL CORP
BRB BANCO;BSLI4;BSLI4-BRB BANCO
CASAN;CASN4;CASN4-CASAN
CELPE;CEPE6;CEPE6-CELPE
COR RIBEIRO;CORR4;CORR4-COR RIBEIRO
CANAD PACIFI;CPRL34;CPRL34-CANAD PACIFI
EDWARDS LIFE;E1WL34;E1WL34-EDWARDS LIFE
GLOBAL PAYME;G1PI34;G1PI34-GLOBAL PAYME
IDEXX LABORA;I1DX34;I1DX34-IDEXX LABORA
INGERSOLL RA;I1RP34;I1RP34-INGERSOLL RA
MELHOR SP;MSPA3;MSPA3-MELHOR SP
ONEOK INC;O1KE34;O1KE34-ONEOK INC
VERISK ANALY;V1RS34;V1RS34-VERISK ANALY
AMEREN CORP;A1EE34;A1EE34-AMEREN CORP
APARTMENT IN;A1IV34;A1IV34-APARTMENT IN
ARTHUR J GAL;A1JG34;A1JG34-ARTHUR J GAL
ALIGN TECHNO;A1LG34;A1LG34-ALIGN TECHNO
AVALONBAY CO;A1VB34;A1VB34-AVALONBAY CO
AMERICAN WAT;A1WK34;A1WK34-AMERICAN WAT
AZEVEDO;AZEV3;AZEV3-AZEVEDO
AZEVEDO;AZEV4;AZEV4-AZEVEDO
BROWN FORMAN;B1FC34;B1FC34-BROWN FORMAN
CBRE GROUP I;C1BR34;C1BR34-CBRE GROUP I
CMS ENERGY C;C1MS34;C1MS34-CMS ENERGY C
CAMPBELL SOU;C1PB34;C1PB34-CAMPBELL SOU
CINTAS CORP;C1TA34;C1TA34-CINTAS CORP
CARTERS INC;CRIN34;CRIN34-CARTERS INC
DOVER CORP;D1OV34;D1OV34-DOVER CORP
DUKE REALTY;D1RE34;D1RE34-DUKE REALTY
DARDEN RESTA;D1RI34;D1RI34-DARDEN RESTA
EQUIFAX INC;E1FX34;E1FX34-EQUIFAX INC
EMERSON ELEC;E1MR34;E1MR34-EMERSON ELEC
ENTERGY CORP;E1TR34;E1TR34-ENTERGY CORP
EVEREST RE G;E1VE34;E1VE34-EVEREST RE G
FMC CORP;F1MC34;F1MC34-FMC CORP
FIRST REPUBL;F1RC34;F1RC34-FIRST REPUBL
FEDERAL REAL;F1RI34;F1RI34-FEDERAL REAL
FORTINET INC;F1TN34;F1TN34-FORTINET INC
GARTNER INC;G1AR34;G1AR34-GARTNER INC
GLOBE LIFE I;G1LL34;G1LL34-GLOBE LIFE I
GENUINE PART;G1PC34;G1PC34-GENUINE PART
HASBRO INC;H1AS34;H1AS34-HASBRO INC
HARLEY-DAVID;H1OG34;H1OG34-HARLEY-DAVID
HER BLOCK IN;H1RB34;H1RB34-HER BLOCK IN
HENRY SCHEIN;H1SI34;H1SI34-HENRY SCHEIN
HUMANA INC;H1UM34;H1UM34-HUMANA INC
ILLUMINA INC;I1LM34;I1LM34-ILLUMINA INC
INTERPUBLIC;I1PH34;I1PH34-INTERPUBLIC
TRANE TECH;I1RP34;I1RP34-TRANE TECH
JEFFERIES FI;J1EF34;J1EF34-JEFFERIES FI
JUNIPER NETW;J1NP34;J1NP34-JUNIPER NETW
KANSAS CITY;K1CS34;K1CS34-KANSAS CITY
KELLOGG CO;K1EL34;K1EL34-KELLOGG CO
CARMAX INC;K1MX34;K1MX34-CARMAX INC
LEGGETT PL;L1EG34;L1EG34-LEGGETT PL
LOEWS CORP;L1OE34;L1OE34-LOEWS CORP
LULULEMON AT;L1UL34;L1UL34-LULULEMON AT
LAMB WESTON;L1WH34;L1WH34-LAMB WESTON
MID-AMERICA;M1AA34;M1AA34-MID-AMERICA
MCKESSON COR;M1CK34;M1CK34-MCKESSON COR
MOHAWK INDUS;M1HK34;M1HK34-MOHAWK INDUS
MARKEL CORP;MKLC34;MKLC34-MARKEL CORP
NVR INC;N1VR34;N1VR34-NVR INC
OMNICOM GROU;O1MC34;O1MC34-OMNICOM GROU
PACKAGING CO;P1KG34;P1KG34-PACKAGING CO
PINNACLE WES;P1NW34;P1NW34-PINNACLE WES
PVH CORP;P1VH34;P1VH34-PVH CORP
ROBERT HALF;R1HI34;R1HI34-ROBERT HALF
REALTY INCOM;R1IN34;R1IN34-REALTY INCOM
RESMED INC;R1MD34;R1MD34-RESMED INC
ROCKWELL AUT;R1OK34;R1OK34-ROCKWELL AUT
ROPER TECHNO;R1OP34;R1OP34-ROPER TECHNO
SEALED AIR C;S1EA34;S1EA34-SEALED AIR C
THE SHERWIN;S1HW34;S1HW34-THE SHERWIN
THE JM SMUCK;S1JM34;S1JM34-THE JM SMUCK
SL GREEN REA;S1LG34;S1LG34-SL GREEN REA
TRANSDIGM GR;T1DG34;T1DG34-TRANSDIGM GR
TE CONNECTIV;T1EL34;T1EL34-TE CONNECTIV
TIFFANY;TIFF34;TIFF34-TIFFANY
TRAVELERS;TRVC34;TRVC34-TRAVELERS
UDR INC;U1DR34;U1DR34-UDR INC
UNIVERSAL HE;U1HS34;U1HS34-UNIVERSAL HE
UNITED RENTA;U1RI34;U1RI34-UNITED RENTA
VULCAN MATER;V1MC34;V1MC34-VULCAN MATER
VENTAS INC;V1TA34;V1TA34-VENTAS INC
WABTEC CORP;W1AB34;W1AB34-WABTEC CORP
WEC ENERGY G;W1EC34;W1EC34-WEC ENERGY G
XYLEM INC;X1YL34;X1YL34-XYLEM INC
DENTSPLY SIR;XRAY34;XRAY34-DENTSPLY SIR
ZIMMER BIOME;Z1BH34;Z1BH34-ZIMMER BIOME
AMERISOURCEB;A1MB34;A1MB34-AMERISOURCEB
CONSOLIDATED;E1DI34;E1DI34-CONSOLIDATED
LIBERTY MEDI;LSXM34;LSXM34-LIBERTY MEDI
METTLER-TOLE;M1TD34;M1TD34-METTLER-TOLE
BAUMER;BALM3;BALM3-BAUMER
HUNTINGTON I;H1II34;H1II34-HUNTINGTON I
LYONDELLBASE;L1YB34;L1YB34-LYONDELLBASE
MRS LOGIST;MRSA3B;MRSA3B-MRS LOGIST
OREILLY AUT;ORLY34;ORLY34-OREILLY AUT
RAYTHEONTECH;RYTT34;RYTT34-RAYTHEONTECH
TAKE-TWO INT;T1TW34;T1TW34-TAKE-TWO INT
WATERS CORP;WATC34;WATC34-WATERS CORP
AMETEK INC;A1ME34;A1ME34-AMETEK INC
AON PLC;A1ON34;A1ON34-AON PLC
ALEXANDRIA R;A1RE34;A1RE34-ALEXANDRIA R
CHUBB LTD;C1BL34;C1BL34-CHUBB LTD
COELBA;CEEB5;CEEB5-COELBA
MRS LOGIST;MRSA5B;MRSA5B-MRS LOGIST
MRS LOGIST;MRSA6B;MRSA6B-MRS LOGIST
SIGNATURE BK;SBNY34;SBNY34-SIGNATURE BK
WILLIS TOWER;W1LT34;W1LT34-WILLIS TOWER
ARISTA NETWO;A1NE34;A1NE34-ARISTA NETWO
ESTAPAR;ALPK3;ALPK3-ESTAPAR
HOWMET AERO;ARNC34;ARNC34-HOWMET AERO
COOPER COMPA;C1OO34;C1OO34-COOPER COMPA
COPEL;CPLE5;CPLE5-COPEL
ESSEX PROPER;E1SS34;E1SS34-ESSEX PROPER
LABORATORY C;L1CA34;L1CA34-LABORATORY C
L3HARRIS TEC;L1HX34;L1HX34-L3HARRIS TEC
QORVO INC;Q1RV34;Q1RV34-QORVO INC
SNAP-ON INC;S1NA34;S1NA34-SNAP-ON INC
ATMOS ENERGY;A1TM34;A1TM34-ATMOS ENERGY
CADENCE DESI;C1DN34;C1DN34-CADENCE DESI
FLEETCOR TEC;FLTC34;FLTC34-FLEETCOR TEC
SPTURIS;AHEB6;AHEB6-SPTURIS
INCYTE CORP;I1NC34;I1NC34-INCYTE CORP
MELHOR SP;MSPA4;MSPA4-MELHOR SP
ROLLINS INC;R1OL34;R1OL34-ROLLINS INC
JACK HENRY;J1KH34;J1KH34-JACK HENRY
LIBERTY BROA;LBRD34;LBRD34-LIBERTY BROA
MAXIM INTEGR;M1XI34;M1XI34-MAXIM INTEGR
MERC FINANC;MERC3;MERC3-MERC FINANC
AURA 360;AURA32;AURA32-AURA 360
BROADRIDGE F;B1RF34;B1RF34-BROADRIDGE F
BTGP BANCO;BPAC13;BPAC13-BTGP BANCO
CELANESE COR;C1NS34;C1NS34-CELANESE COR
CLOROX CO;CLXC34;CLXC34-CLOROX CO
F5 NETWORKS;F1FI34;F1FI34-F5 NETWORKS
AMBIPAR;AMBP3;AMBP3-AMBIPAR
CHECK POINT;C1HK34;C1HK34-CHECK POINT
PADTEC;PDTC3;PDTC3-PADTEC
CHURCH DWIGH;CHDC34;CHDC34-CHURCH DWIGH
CASAN;CASN3;CASN3-CASAN
D1000VFARMA;DMVF3;DMVF3-D1000VFARMA
QUERO-QUERO;LJQQ3;LJQQ3-QUERO-QUERO
PUBLIC STORA;P1SA34;P1SA34-PUBLIC STORA
GRUPO SOMA;SOMA3;SOMA3-GRUPO SOMA
DAVITA INC;DVAI34;DVAI34-DAVITA INC
PERKINELMER;P1KI34;P1KI34-PERKINELMER
LAVVI;LAVV3;LAVV3-LAVVI
MARTIN MARIE;M1LM34;M1LM34-MARTIN MARIE
PAGUE MENOS;PGMN3;PGMN3-PAGUE MENOS
PETROCHIN;PTCH34;PTCH34-PETROCHIN
HANOVER INSU;THGI34;THGI34-HANOVER INSU
JSL;JSLG11;JSLG11-JSL
CEMEPE;MAPT3;MAPT3-CEMEPE
PETZ;PETZ3;PETZ3-PETZ
CURY S-A;CURY3;CURY3-CURY S-A
PLANOEPLANO;PLPL3;PLPL3-PLANOEPLANO
SIMPAR;SIMH3;SIMH3-SIMPAR
BOA VISTA;BOAS3;BOAS3-BOA VISTA
HIDROVIAS;HBSA3;HBSA3-HIDROVIAS
LUMEN TECH;L1MN34;L1MN34-LUMEN TECH
MELNICK;MELK3;MELK3-MELNICK
ALNYLAM PHAR;A1LN34;A1LN34-ALNYLAM PHAR
BROOKFIELD A;B1AM34;B1AM34-BROOKFIELD A
CDW CORP;C1DW34;C1DW34-CDW CORP
DEXCOM INC;D1EX34;D1EX34-DEXCOM INC
DOCUSIGN INC;D1OC34;D1OC34-DOCUSIGN INC
FASTLY INC;F1SL34;F1SL34-FASTLY INC
GRUPO MATEUS;GMAT3;GMAT3-GRUPO MATEUS
HORIZON THER;H1ZN34;H1ZN34-HORIZON THER
MONGODB INC;M1DB34;M1DB34-MONGODB INC
MARKETAXESS;M1KT34;M1KT34-MARKETAXESS
MODERNA INC;M1RN34;M1RN34-MODERNA INC
NEUROCRINE B;N1BI34;N1BI34-NEUROCRINE B
SEATTLE GENE;S1GE34;S1GE34-SEATTLE GENE
SAREPTA THER;S1RP34;S1RP34-SAREPTA THER
STERIS PLC;S1TE34;S1TE34-STERIS PLC
SEQUOIA LOG;SEQL3;SEQL3-SEQUOIA LOG
BIO-TECHNE C;T1CH34;T1CH34-BIO-TECHNE C
TIM;TIMS3;TIMS3-TIM
ZEBRA TECHNO;Z1BR34;Z1BR34-ZEBRA TECHNO
ZOOM VIDEO;Z1OM34;Z1OM34-ZOOM VIDEO
ABB LTD;A1BB34;A1BB34-ABB LTD
AMCOR PLC;A1CR34;A1CR34-AMCOR PLC
AEGON NV;A1EG34;A1EG34-AEGON NV
AMERICAMOVIL;A1MX34;A1MX34-AMERICAMOVIL
ARGENX SE;A1RG34;A1RG34-ARGENX SE
ASCENDIS PHA;A1SN34;A1SN34-ASCENDIS PHA
AUTOHOME INC;A1TH34;A1TH34-AUTOHOME INC
ALTERYX INC;A1YX34;A1YX34-ALTERYX INC
ASTRAZENECA;A1ZN34;A1ZN34-ASTRAZENECA
BAXTER INTER;B1AX34;B1AX34-BAXTER INTER
BHP GROUP PL;B1BL34;B1BL34-BHP GROUP PL
BARCLAYS PLC;B1CS34;B1CS34-BARCLAYS PLC
BEIGENE LTD;B1GN34;B1GN34-BEIGENE LTD
BILIBILI INC;B1IL34;B1IL34-BILIBILI INC
BIONTECH SE;B1NT34;B1NT34-BIONTECH SE
BP PLC;B1PP34;B1PP34-BP PLC
BANCO SANTAN;B1SA34;B1SA34-BANCO SANTAN
BRITISH AMER;B1TI34;B1TI34-BRITISH AMER
CABLE ONE IN;C1AB34;C1AB34-CABLE ONE IN
CNOOC LTD;C1EO34;C1EO34-CNOOC LTD
CHINA PETROL;C1HI34;C1HI34-CHINA PETROL
CHINA MOBILE;C1HL34;C1HL34-CHINA MOBILE
CHUNGHWA TEL;C1HT34;C1HT34-CHUNGHWA TEL
COUPA SOFTWA;C1OU34;C1OU34-COUPA SOFTWA
CREDIT SUISS;C1SU34;C1SU34-CREDIT SUISS
CORTEVA INC;C1TV34;C1TV34-CORTEVA INC
DATADOG INC;D1DG34;D1DG34-DATADOG INC
DOW INC;D1OW34;D1OW34-DOW INC
ECOPETROL SA;E1CO34;E1CO34-ECOPETROL SA
NEW ORIENTAL;E1DU34;E1DU34-NEW ORIENTAL
ENEL AMERICA;E1NI34;E1NI34-ENEL AMERICA
EQUINOR ASA;E1QN34;E1QN34-EQUINOR ASA
ERICSSON LM;E1RI34;E1RI34-ERICSSON LM
GOLD FIELDS;G1FI34;G1FI34-GOLD FIELDS
GALAPAGOS NV;G1LP34;G1LP34-GALAPAGOS NV
GLAXOSMITHKL;G1SK34;G1SK34-GLAXOSMITHKL
HDFC BANK LT;H1DB34;H1DB34-HDFC BANK LT
HEICO CORP;H1EI34;H1EI34-HEICO CORP
HSBC HOLDING;H1SB34;H1SB34-HSBC HOLDING
ICICI BANK L;I1BN34;I1BN34-ICICI BANK L
INFOSYS LTD;I1FO34;I1FO34-INFOSYS LTD
ORIX CORP;I1XC34;I1XC34-ORIX CORP
KB FINANCIAL;K1BF34;K1BF34-KB FINANCIAL
KT CORP;K1TC34;K1TC34-KT CORP
LIBERTY GLOB;L1BT35;L1BT35-LIBERTY GLOB
LEIDOS HOLDI;L1DO34;L1DO34-LEIDOS HOLDI
CHINA LIFE I;L1FC34;L1FC34-CHINA LIFE I
LLOYDS BANKI;L1YG34;L1YG34-LLOYDS BANKI
MOBILE TELES;M1BT34;M1BT34-MOBILE TELES
MELCO RESORT;M1LC34;M1LC34-MELCO RESORT
NATIONAL GRI;N1GG34;N1GG34-NATIONAL GRI
NICE LTD;N1IC34;N1IC34-NICE LTD
SERVICENOW;N1OW34;N1OW34-SERVICENOW
NOVO NORDISK;N1VO34;N1VO34-NOVO NORDISK
NOVARTIS AG;N1VS34;N1VS34-NOVARTIS AG
NATWEST GROU;N1WG34;N1WG34-NATWEST GROU
PINDUODUO IN;P1DD34;P1DD34-PINDUODUO IN
POSCO;P1KX34;P1KX34-POSCO
PENTAIR PLC;P1NR34;P1NR34-PENTAIR PLC
PRUDENTIAL P;P1UK34;P1UK34-PRUDENTIAL P
DR REDDYS LA;R1DY34;R1DY34-DR REDDYS LA
ROKU INC;R1KU34;R1KU34-ROKU INC
SEAGEN;S1GE34;S1GE34-SEAGEN
SK TELECOM C;S1KM34;S1KM34-SK TELECOM C
SUMITOMO MIT;S1MF34;S1MF34-SUMITOMO MIT
SPLUNK INC;S1PL34;S1PL34-SPLUNK INC
SEMPRA ENERG;S1RE34;S1RE34-SEMPRA ENERG
SSC TECHNOL;S1SN34;S1SN34-SSC TECHNOL
ATLASSIAN CO;T1AM34;T1AM34-ATLASSIAN CO
TEVA PHARMAC;T1EV34;T1EV34-TEVA PHARMAC
PT TELEKOMUN;T1LK34;T1LK34-PT TELEKOMUN
TWILIO INC;T1WL34;T1WL34-TWILIO INC
TRACK FIELD;TFCO4;TFCO4-TRACK FIELD
UNILEVER NV;U1NL34;U1NL34-UNILEVER NV
VARIAN MEDIC;V1AR34;V1AR34-VARIAN MEDIC
VIPSHOP HOLD;V1IP34;V1IP34-VIPSHOP HOLD
VODAFONE GRO;V1OD34;V1OD34-VODAFONE GRO
WESTPAC BANK;W1BK34;W1BK34-WESTPAC BANK
WEIBO CORP;W1BO34;W1BO34-WEIBO CORP
WARNER MUSIC;W1MG34;W1MG34-WARNER MUSIC
WPP PLC;W1PP34;W1PP34-WPP PLC
WR BERKLEY C;W1RB34;W1RB34-WR BERKLEY C
ZTO EXPRESS;Z1TO34;Z1TO34-ZTO EXPRESS
AURA 360;AURA33;AURA33-AURA 360
CARRIER GLOB;C1RR34;C1RR34-CARRIER GLOB
MELIUZ;CASH3;CASH3-MELIUZ
CELPE;CEPE3;CEPE3-CELPE
EXPEDITORS I;E1XP34;E1XP34-EXPEDITORS I
ENJOEI;ENJU3;ENJU3-ENJOEI
IAC INTERACT;I1AC34;I1AC34-IAC INTERACT
LAS VEGAS SA;L1VS34;L1VS34-LAS VEGAS SA
NEWS CORP;N1WS35;N1WS35-NEWS CORP
PAYCOM SOFTW;P1YC34;P1YC34-PAYCOM SOFTW
QUEST DIAGNO;Q1UE34;Q1UE34-QUEST DIAGNO
RYANAIR HOLD;R1YA34;R1YA34-RYANAIR HOLD
TENARIS SA;T1SS34;T1SS34-TENARIS SA
WIX.COM LTD;W1IX34;W1IX34-WIX.COM LTD
AERIS;AERI3;AERI3-AERIS
COSTAR GROUP;C1GP34;C1GP34-COSTAR GROUP
GDS HOLDINGS;G1DS34;G1DS34-GDS HOLDINGS
GPC PART;GPCP3;GPCP3-GPC PART
GPC PART;GPCP4;GPCP4-GPC PART
HUAZHU GROUP;H1TH34;H1TH34-HUAZHU GROUP
INT EXCHANGE;I1HG34;I1HG34-INT EXCHANGE
MATCH GROUP;M1TC34;M1TC34-MATCH GROUP
OKTA INC;O1KT34;O1KT34-OKTA INC
PPG INDUSTRI;P1PG34;P1PG34-PPG INDUSTRI
3R PETROLEUM;RRRP3;RRRP3-3R PETROLEUM
SMITH & NEPH;S1NN34;S1NN34-SMITH & NEPH
TAL EDUCATIO;T1AL34;T1AL34-TAL EDUCATIO
MSCI ASIA JP;BAAX39;BAAX39-MSCI ASIA JP
MSCI ACWI;BACW39;BACW39-MSCI ACWI
US AEROSPACE;BAER39;BAER39-US AEROSPACE
MSCI CHINA;BCHI39;BCHI39-MSCI CHINA
SELECT DIVID;BDVY39;BDVY39-SELECT DIVID
MSCI EMGMARK;BEEM39;BEEM39-MSCI EMGMARK
MSCI EAFE;BEFA39;BEFA39-MSCI EAFE
MSCIHONGKONG;BEWH39;BEWH39-MSCIHONGKONG
MSCI JAPAN;BEWJ39;BEWJ39-MSCI JAPAN
MSCI TAIWAN;BEWT39;BEWT39-MSCI TAIWAN
MSCI UK;BEWU39;BEWU39-MSCI UK
MSCISOUTHKOR;BEWY39;BEWY39-MSCISOUTHKOR
MSCI BRAZIL;BEWZ39;BEWZ39-MSCI BRAZIL
GOLD TRUST;BIAU39;BIAU39-GOLD TRUST
NASDAQ BIOTC;BIBB39;BIBB39-NASDAQ BIOTC
COREMSCI EUR;BIEU39;BIEU39-COREMSCI EUR
GLOBAL INFRA;BIGF39;BIGF39-GLOBAL INFRA
RUSSELL 2000;BIWM39;BIWM39-RUSSELL 2000
US FINANCIAL;BIYF39;BIYF39-US FINANCIAL
US TECHNOLOG;BIYW39;BIYW39-US TECHNOLOG
MSCI INDIA;BNDA39;BNDA39-MSCI INDIA
SILVER TRUST;BSLV39;BSLV39-SILVER TRUST
IDEX CORP;I1EX34;I1EX34-IDEX CORP
IQVIA HOLDIN;I1QV34;I1QV34-IQVIA HOLDIN
OTIS WORLDWI;O1TI34;O1TI34-OTIS WORLDWI
OSX BRASIL;OSXB3;OSXB3-OSX BRASIL
WATSCO INC;W1SO34;W1SO34-WATSCO INC
TRTMSCI EAFE;BEGD39;BEGD39-TRTMSCI EAFE
INC ESG AWAR;BEGE39;BEGE39-INC ESG AWAR
TRUSTMSCI US;BEGU39;BEGU39-TRUSTMSCI US
MSCI GERMANY;BEWG39;BEWG39-MSCI GERMANY
MSCI SPAIN;BEWP39;BEWP39-MSCI SPAIN
MSCI MEXICO;BEWW39;BEWW39-MSCI MEXICO
MSCIEUROZONE;BEZU39;BEZU39-MSCIEUROZONE
COREMSCIEAFE;BIEF39;BIEF39-COREMSCIEAFE
COREMSCI EMK;BIEM39;BIEM39-COREMSCI EMK
CORE MIDCAP;BIJH39;BIJH39-CORE MIDCAP
CORESMALLCAP;BIJR39;BIJR39-CORESMALLCAP
LATIN AMER40;BILF39;BILF39-LATIN AMER40
CORE SP TOTA;BITO39;BITO39-CORE SP TOTA
CORE SP 500;BIVB39;BIVB39-CORE SP 500
GLOBALHEALTH;BIXJ39;BIXJ39-GLOBALHEALTH
GLOBAL TECH;BIXN39;BIXN39-GLOBAL TECH
MSCI US MVOL;BUSM39;BUSM39-MSCI US MVOL
OLD DOMINION;O1DF34;O1DF34-OLD DOMINION
RELX PLC;R1EL34;R1EL34-RELX PLC
RD SHELL;RDSA35;RDSA35-RD SHELL
ANGLOGOLD AS;A1UA34;A1UA34-ANGLOGOLD AS
ALPHAVILLE;AVLL3;AVLL3-ALPHAVILLE
MITSUBISHI U;M1UF34;M1UF34-MITSUBISHI U
NEOGRID;NGRD3;NGRD3-NEOGRID
REDE D OR;RDOR3;RDOR3-REDE D OR
SANSUY;SNSY3;SNSY3-SANSUY
SANSUY;SNSY5;SNSY5-SANSUY
IQIYI INC;I1QY34;I1QY34-IQIYI INC
LIBERTY MEDI;LSXM35;LSXM35-LIBERTY MEDI
SIBANYE STIL;S1BS34;S1BS34-SIBANYE STIL
